{
  "IcoMoonType": "selection",
  "icons": [
    {
      "icon": {
        "paths": [
          "M896 256v-128h-896v704c0 35.346 28.654 64 64 64h864c53.022 0 96-42.978 96-96v-544h-128zM832 832h-768v-640h768v640zM128 320h640v64h-640zM512 448h256v64h-256zM512 576h256v64h-256zM512 704h192v64h-192zM128 448h320v320h-320z"
        ],
        "tags": [
          "newspaper",
          "news",
          "paper"
        ],
        "defaultCode": 59652,
        "grid": 16,
        "attrs": []
      },
      "attrs": [],
      "properties": {
        "ligatures": "newspaper, news",
        "name": "newspaper",
        "order": 31,
        "id": 5,
        "prevSize": 32,
        "code": 59652
      },
      "setIdx": 0,
      "setId": 1,
      "iconIdx": 4
    },
    {
      "icon": {
        "paths": [
          "M817.57 348.15c-193.566-143.858-260.266-259.018-305.566-348.148v0c-0.004 0-0.004-0.002-0.004-0.002v0.002c-45.296 89.13-112 204.292-305.566 348.148-330.036 245.286-19.376 587.668 253.758 399.224-17.796 116.93-78.53 202.172-140.208 238.882v37.744h384.032v-37.74c-61.682-36.708-122.41-121.954-140.212-238.884 273.136 188.446 583.8-153.94 253.766-399.226z"
        ],
        "tags": [
          "spades",
          "cards",
          "poker"
        ],
        "defaultCode": 59671,
        "grid": 16,
        "attrs": []
      },
      "attrs": [],
      "properties": {
        "ligatures": "spades, cards",
        "name": "spades",
        "order": 32,
        "id": 24,
        "prevSize": 32,
        "code": 59671
      },
      "setIdx": 0,
      "setId": 1,
      "iconIdx": 23
    },
    {
      "icon": {
        "paths": [
          "M786.832 392.772c-59.032 0-112.086 24.596-149.852 64.694-15.996 16.984-43.762 37.112-73.8 54.81 14.11-53.868 58.676-121.7 89.628-151.456 39.64-38.17 63.984-91.83 63.984-151.5 0.006-114.894-91.476-208.096-204.788-209.32-113.32 1.222-204.796 94.426-204.796 209.318 0 59.672 24.344 113.33 63.986 151.5 30.954 29.756 75.52 97.588 89.628 151.456-30.042-17.7-57.806-37.826-73.8-54.81-37.768-40.098-90.82-64.694-149.85-64.694-114.386 0-207.080 93.664-207.080 209.328 0 115.638 92.692 209.338 207.080 209.338 59.042 0 112.082-25.356 149.85-65.452 16.804-17.872 46.444-40.138 78.292-58.632-3.002 147.692-73.532 256.168-145.318 298.906v37.742h384.014v-37.74c-71.792-42.736-142.32-151.216-145.32-298.906 31.852 18.494 61.488 40.768 78.292 58.632 37.766 40.094 90.808 65.452 149.852 65.452 114.386 0 207.078-93.7 207.078-209.338-0.002-115.664-92.692-209.328-207.080-209.328z"
        ],
        "tags": [
          "clubs",
          "cards",
          "poker"
        ],
        "defaultCode": 59672,
        "grid": 16,
        "attrs": []
      },
      "attrs": [],
      "properties": {
        "ligatures": "clubs, cards2",
        "name": "clubs",
        "order": 33,
        "id": 25,
        "prevSize": 32,
        "code": 59672
      },
      "setIdx": 0,
      "setId": 1,
      "iconIdx": 24
    },
    {
      "icon": {
        "paths": [
          "M512 0l-320 512 320 512 320-512z"
        ],
        "tags": [
          "diamonds",
          "cards",
          "poker"
        ],
        "defaultCode": 59673,
        "grid": 16,
        "attrs": []
      },
      "attrs": [],
      "properties": {
        "ligatures": "diamonds, cards3",
        "name": "diamonds",
        "order": 34,
        "id": 26,
        "prevSize": 32,
        "code": 59673
      },
      "setIdx": 0,
      "setId": 1,
      "iconIdx": 25
    },
    {
      "icon": {
        "paths": [
          "M864 0h-768c-52.8 0-96 43.2-96 96v832c0 52.8 43.2 96 96 96h768c52.8 0 96-43.2 96-96v-832c0-52.8-43.2-96-96-96zM832 896h-704v-768h704v768zM256 576h448v64h-448zM256 704h448v64h-448zM320 288c0-53.019 42.981-96 96-96s96 42.981 96 96c0 53.019-42.981 96-96 96s-96-42.981-96-96zM480 384h-128c-52.8 0-96 28.8-96 64v64h320v-64c0-35.2-43.2-64-96-64z"
        ],
        "tags": [
          "profile",
          "file",
          "document",
          "page",
          "user",
          "paper"
        ],
        "defaultCode": 59683,
        "grid": 16,
        "attrs": []
      },
      "attrs": [],
      "properties": {
        "ligatures": "profile, file2",
        "name": "profile",
        "order": 22,
        "id": 36,
        "prevSize": 32,
        "code": 59683
      },
      "setIdx": 0,
      "setId": 1,
      "iconIdx": 35
    },
    {
      "icon": {
        "paths": [
          "M832 896h-640v-128l192-320 263 320 185-128v256z",
          "M832 480c0 53.020-42.98 96-96 96-53.022 0-96-42.98-96-96s42.978-96 96-96c53.020 0 96 42.98 96 96z",
          "M917.806 229.076c-22.212-30.292-53.174-65.7-87.178-99.704s-69.412-64.964-99.704-87.178c-51.574-37.82-76.592-42.194-90.924-42.194h-496c-44.112 0-80 35.888-80 80v864c0 44.112 35.888 80 80 80h736c44.112 0 80-35.888 80-80v-624c0-14.332-4.372-39.35-42.194-90.924zM785.374 174.626c30.7 30.7 54.8 58.398 72.58 81.374h-153.954v-153.946c22.984 17.78 50.678 41.878 81.374 72.572zM896 944c0 8.672-7.328 16-16 16h-736c-8.672 0-16-7.328-16-16v-864c0-8.672 7.328-16 16-16 0 0 495.956-0.002 496 0v224c0 17.672 14.326 32 32 32h224v624z"
        ],
        "tags": [
          "file-picture",
          "file",
          "document",
          "file-image"
        ],
        "defaultCode": 59687,
        "grid": 16,
        "attrs": []
      },
      "attrs": [],
      "properties": {
        "ligatures": "file-picture, file5",
        "name": "file-picture",
        "order": 28,
        "id": 40,
        "prevSize": 32,
        "code": 59687
      },
      "setIdx": 0,
      "setId": 1,
      "iconIdx": 39
    },
    {
      "icon": {
        "paths": [
          "M928 128h-832c-52.8 0-96 43.2-96 96v640c0 52.8 43.2 96 96 96h832c52.8 0 96-43.2 96-96v-640c0-52.8-43.2-96-96-96zM398.74 550.372l-270.74 210.892v-501.642l270.74 290.75zM176.38 256h671.24l-335.62 252-335.62-252zM409.288 561.698l102.712 110.302 102.71-110.302 210.554 270.302h-626.528l210.552-270.302zM625.26 550.372l270.74-290.75v501.642l-270.74-210.892z"
        ],
        "tags": [
          "envelop",
          "mail",
          "email",
          "contact",
          "letter"
        ],
        "defaultCode": 59717,
        "grid": 16,
        "attrs": []
      },
      "attrs": [],
      "properties": {
        "ligatures": "envelop, mail",
        "name": "envelop",
        "order": 39,
        "id": 70,
        "prevSize": 32,
        "code": 59717
      },
      "setIdx": 0,
      "setId": 1,
      "iconIdx": 69
    },
    {
      "icon": {
        "paths": [
          "M512 0c-176.732 0-320 143.268-320 320 0 320 320 704 320 704s320-384 320-704c0-176.732-143.27-320-320-320zM512 512c-106.040 0-192-85.96-192-192s85.96-192 192-192 192 85.96 192 192-85.96 192-192 192z"
        ],
        "tags": [
          "location",
          "map-marker",
          "pin"
        ],
        "defaultCode": 59719,
        "grid": 16,
        "attrs": []
      },
      "attrs": [],
      "properties": {
        "ligatures": "location, map-marker",
        "name": "location",
        "order": 23,
        "id": 72,
        "prevSize": 32,
        "code": 59719
      },
      "setIdx": 0,
      "setId": 1,
      "iconIdx": 71
    },
    {
      "icon": {
        "paths": [
          "M658.744 749.256l-210.744-210.746v-282.51h128v229.49l173.256 173.254zM512 0c-282.77 0-512 229.23-512 512s229.23 512 512 512 512-229.23 512-512-229.23-512-512-512zM512 896c-212.078 0-384-171.922-384-384s171.922-384 384-384c212.078 0 384 171.922 384 384s-171.922 384-384 384z"
        ],
        "tags": [
          "clock",
          "time",
          "schedule"
        ],
        "defaultCode": 59726,
        "grid": 16,
        "attrs": []
      },
      "attrs": [],
      "properties": {
        "ligatures": "clock, time2",
        "name": "clock",
        "order": 25,
        "id": 79,
        "prevSize": 32,
        "code": 59726
      },
      "setIdx": 0,
      "setId": 1,
      "iconIdx": 78
    },
    {
      "icon": {
        "paths": [
          "M704 64l-320 320h-192l-192 256c0 0 203.416-56.652 322.066-30.084l-322.066 414.084 421.902-328.144c58.838 134.654-37.902 328.144-37.902 328.144l256-192v-192l320-320 64-320-320 64z"
        ],
        "tags": [
          "rocket",
          "jet",
          "speed",
          "spaceship",
          "fast"
        ],
        "defaultCode": 59813,
        "grid": 16,
        "attrs": []
      },
      "attrs": [],
      "properties": {
        "ligatures": "rocket, jet",
        "name": "rocket",
        "order": 30,
        "id": 166,
        "prevSize": 32,
        "code": 59813
      },
      "setIdx": 0,
      "setId": 1,
      "iconIdx": 165
    },
    {
      "icon": {
        "paths": [
          "M480 64c-265.096 0-480 214.904-480 480 0 265.098 214.904 480 480 480 265.098 0 480-214.902 480-480 0-265.096-214.902-480-480-480zM751.59 704c8.58-40.454 13.996-83.392 15.758-128h127.446c-3.336 44.196-13.624 87.114-30.68 128h-112.524zM208.41 384c-8.58 40.454-13.996 83.392-15.758 128h-127.444c3.336-44.194 13.622-87.114 30.678-128h112.524zM686.036 384c9.614 40.962 15.398 83.854 17.28 128h-191.316v-128h174.036zM512 320v-187.338c14.59 4.246 29.044 11.37 43.228 21.37 26.582 18.74 52.012 47.608 73.54 83.486 14.882 24.802 27.752 52.416 38.496 82.484h-155.264zM331.232 237.516c21.528-35.878 46.956-64.748 73.54-83.486 14.182-10 28.638-17.124 43.228-21.37v187.34h-155.264c10.746-30.066 23.616-57.68 38.496-82.484zM448 384v128h-191.314c1.88-44.146 7.666-87.038 17.278-128h174.036zM95.888 704c-17.056-40.886-27.342-83.804-30.678-128h127.444c1.762 44.608 7.178 87.546 15.758 128h-112.524zM256.686 576h191.314v128h-174.036c-9.612-40.96-15.398-83.854-17.278-128zM448 768v187.34c-14.588-4.246-29.044-11.372-43.228-21.37-26.584-18.74-52.014-47.61-73.54-83.486-14.882-24.804-27.75-52.418-38.498-82.484h155.266zM628.768 850.484c-21.528 35.876-46.958 64.746-73.54 83.486-14.184 9.998-28.638 17.124-43.228 21.37v-187.34h155.266c-10.746 30.066-23.616 57.68-38.498 82.484zM512 704v-128h191.314c-1.88 44.146-7.666 87.040-17.28 128h-174.034zM767.348 512c-1.762-44.608-7.178-87.546-15.758-128h112.524c17.056 40.886 27.344 83.806 30.68 128h-127.446zM830.658 320h-95.9c-18.638-58.762-44.376-110.294-75.316-151.428 42.536 20.34 81.058 47.616 114.714 81.272 21.48 21.478 40.362 44.938 56.502 70.156zM185.844 249.844c33.658-33.658 72.18-60.932 114.714-81.272-30.942 41.134-56.676 92.666-75.316 151.428h-95.898c16.138-25.218 35.022-48.678 56.5-70.156zM129.344 768h95.898c18.64 58.762 44.376 110.294 75.318 151.43-42.536-20.34-81.058-47.616-114.714-81.274-21.48-21.478-40.364-44.938-56.502-70.156zM774.156 838.156c-33.656 33.658-72.18 60.934-114.714 81.274 30.942-41.134 56.678-92.668 75.316-151.43h95.9c-16.14 25.218-35.022 48.678-56.502 70.156z"
        ],
        "tags": [
          "sphere",
          "globe",
          "internet"
        ],
        "defaultCode": 59849,
        "grid": 16,
        "attrs": []
      },
      "attrs": [],
      "properties": {
        "ligatures": "sphere, globe",
        "name": "sphere",
        "order": 27,
        "id": 202,
        "prevSize": 32,
        "code": 59849
      },
      "setIdx": 0,
      "setId": 1,
      "iconIdx": 201
    },
    {
      "icon": {
        "paths": [
          "M512 0c-282.77 0-512 229.23-512 512s229.23 512 512 512 512-229.23 512-512-229.23-512-512-512zM512 960.002c-62.958 0-122.872-13.012-177.23-36.452l233.148-262.29c5.206-5.858 8.082-13.422 8.082-21.26v-96c0-17.674-14.326-32-32-32-112.99 0-232.204-117.462-233.374-118.626-6-6.002-14.14-9.374-22.626-9.374h-128c-17.672 0-32 14.328-32 32v192c0 12.122 6.848 23.202 17.69 28.622l110.31 55.156v187.886c-116.052-80.956-192-215.432-192-367.664 0-68.714 15.49-133.806 43.138-192h116.862c8.488 0 16.626-3.372 22.628-9.372l128-128c6-6.002 9.372-14.14 9.372-22.628v-77.412c40.562-12.074 83.518-18.588 128-18.588 70.406 0 137.004 16.26 196.282 45.2-4.144 3.502-8.176 7.164-12.046 11.036-36.266 36.264-56.236 84.478-56.236 135.764s19.97 99.5 56.236 135.764c36.434 36.432 85.218 56.264 135.634 56.26 3.166 0 6.342-0.080 9.518-0.236 13.814 51.802 38.752 186.656-8.404 372.334-0.444 1.744-0.696 3.488-0.842 5.224-81.324 83.080-194.7 134.656-320.142 134.656z"
        ],
        "tags": [
          "earth",
          "globe",
          "language",
          "web",
          "internet",
          "sphere",
          "planet"
        ],
        "defaultCode": 59850,
        "grid": 16,
        "attrs": []
      },
      "attrs": [],
      "properties": {
        "ligatures": "earth, globe2",
        "name": "earth",
        "order": 29,
        "id": 203,
        "prevSize": 32,
        "code": 59850
      },
      "setIdx": 0,
      "setId": 1,
      "iconIdx": 202
    },
    {
      "icon": {
        "paths": [
          "M992 384h-352v-352c0-17.672-14.328-32-32-32h-192c-17.672 0-32 14.328-32 32v352h-352c-17.672 0-32 14.328-32 32v192c0 17.672 14.328 32 32 32h352v352c0 17.672 14.328 32 32 32h192c17.672 0 32-14.328 32-32v-352h352c17.672 0 32-14.328 32-32v-192c0-17.672-14.328-32-32-32z"
        ],
        "tags": [
          "plus",
          "add",
          "sum"
        ],
        "defaultCode": 59914,
        "grid": 16,
        "attrs": []
      },
      "attrs": [],
      "properties": {
        "ligatures": "plus, add",
        "name": "plus",
        "order": 36,
        "id": 267,
        "prevSize": 32,
        "code": 59914
      },
      "setIdx": 0,
      "setId": 1,
      "iconIdx": 266
    },
    {
      "icon": {
        "paths": [
          "M1024 512c0-282.77-229.23-512-512-512s-512 229.23-512 512 229.23 512 512 512 512-229.23 512-512zM96 512c0-229.75 186.25-416 416-416s416 186.25 416 416-186.25 416-416 416-416-186.25-416-416z",
          "M317.256 354.744l-90.512 90.512 285.256 285.254 285.254-285.256-90.508-90.508-194.746 194.744z"
        ],
        "tags": [
          "circle-down",
          "down",
          "circle-bottom",
          "arrow"
        ],
        "defaultCode": 59971,
        "grid": 16,
        "attrs": []
      },
      "attrs": [],
      "properties": {
        "ligatures": "circle-down, down3",
        "name": "circle-down",
        "order": 24,
        "id": 324,
        "prevSize": 32,
        "code": 59971
      },
      "setIdx": 0,
      "setId": 1,
      "iconIdx": 323
    },
    {
      "icon": {
        "paths": [
          "M608 192h160v-192h-160c-123.514 0-224 100.486-224 224v96h-128v192h128v512h192v-512h160l32-192h-192v-96c0-17.346 14.654-32 32-32z"
        ],
        "tags": [
          "facebook",
          "brand",
          "social"
        ],
        "defaultCode": 60048,
        "grid": 16,
        "attrs": []
      },
      "attrs": [],
      "properties": {
        "ligatures": "facebook, brand10",
        "name": "facebook",
        "order": 37,
        "id": 401,
        "prevSize": 32,
        "code": 60048
      },
      "setIdx": 0,
      "setId": 1,
      "iconIdx": 400
    },
    {
      "icon": {
        "paths": [
          "M1024 226.4c-37.6 16.8-78.2 28-120.6 33 43.4-26 76.6-67.2 92.4-116.2-40.6 24-85.6 41.6-133.4 51-38.4-40.8-93-66.2-153.4-66.2-116 0-210 94-210 210 0 16.4 1.8 32.4 5.4 47.8-174.6-8.8-329.4-92.4-433-219.6-18 31-28.4 67.2-28.4 105.6 0 72.8 37 137.2 93.4 174.8-34.4-1-66.8-10.6-95.2-26.2 0 0.8 0 1.8 0 2.6 0 101.8 72.4 186.8 168.6 206-17.6 4.8-36.2 7.4-55.4 7.4-13.6 0-26.6-1.4-39.6-3.8 26.8 83.4 104.4 144.2 196.2 146-72 56.4-162.4 90-261 90-17 0-33.6-1-50.2-3 93.2 59.8 203.6 94.4 322.2 94.4 386.4 0 597.8-320.2 597.8-597.8 0-9.2-0.2-18.2-0.6-27.2 41-29.4 76.6-66.4 104.8-108.6z"
        ],
        "tags": [
          "twitter",
          "brand",
          "tweet",
          "social"
        ],
        "defaultCode": 60054,
        "grid": 16,
        "attrs": []
      },
      "attrs": [],
      "properties": {
        "ligatures": "twitter, brand16",
        "name": "twitter",
        "order": 35,
        "id": 407,
        "prevSize": 32,
        "code": 60054
      },
      "setIdx": 0,
      "setId": 1,
      "iconIdx": 406
    },
    {
      "icon": {
        "paths": [
          "M136.294 750.93c-75.196 0-136.292 61.334-136.292 136.076 0 75.154 61.1 135.802 136.292 135.802 75.466 0 136.494-60.648 136.494-135.802-0.002-74.742-61.024-136.076-136.494-136.076zM0.156 347.93v196.258c127.784 0 247.958 49.972 338.458 140.512 90.384 90.318 140.282 211.036 140.282 339.3h197.122c-0.002-372.82-303.282-676.070-675.862-676.070zM0.388 0v196.356c455.782 0 826.756 371.334 826.756 827.644h196.856c0-564.47-459.254-1024-1023.612-1024z"
        ],
        "tags": [
          "feed",
          "rss",
          "social"
        ],
        "defaultCode": 60059,
        "grid": 16,
        "attrs": []
      },
      "attrs": [],
      "properties": {
        "ligatures": "feed2, rss",
        "name": "rss",
        "order": 38,
        "id": 412,
        "prevSize": 32,
        "code": 60059
      },
      "setIdx": 0,
      "setId": 1,
      "iconIdx": 411
    }
  ],
  "height": 1024,
  "metadata": {
    "name": "icomoon"
  },
  "preferences": {
    "showGlyphs": true,
    "showQuickUse": true,
    "showQuickUse2": true,
    "showSVGs": true,
    "fontPref": {
      "prefix": "icon-",
      "metadata": {
        "fontFamily": "icomoon",
        "majorVersion": 1,
        "minorVersion": 0
      },
      "metrics": {
        "emSize": 1024,
        "baseline": 6.25,
        "whitespace": 50
      },
      "embed": false,
      "showSelector": false,
      "showMetrics": false,
      "showMetadata": false,
      "showVersion": false
    },
    "imagePref": {
      "prefix": "icon-",
      "png": true,
      "useClassSelector": true,
      "color": 0,
      "bgColor": 16777215,
      "classSelector": ".icon"
    },
    "historySize": 100,
    "showCodes": true,
    "gridSize": 16
  }
}